-- --------------------------------------------------------
-- Host:                         127.0.0.1
-- Server version:               5.7.33 - MySQL Community Server (GPL)
-- Server OS:                    Win64
-- HeidiSQL Version:             11.2.0.6213
-- --------------------------------------------------------

/*!40101 SET @OLD_CHARACTER_SET_CLIENT=@@CHARACTER_SET_CLIENT */;
/*!40101 SET NAMES utf8 */;
/*!50503 SET NAMES utf8mb4 */;
/*!40014 SET @OLD_FOREIGN_KEY_CHECKS=@@FOREIGN_KEY_CHECKS, FOREIGN_KEY_CHECKS=0 */;
/*!40101 SET @OLD_SQL_MODE=@@SQL_MODE, SQL_MODE='NO_AUTO_VALUE_ON_ZERO' */;
/*!40111 SET @OLD_SQL_NOTES=@@SQL_NOTES, SQL_NOTES=0 */;


-- Dumping database structure for db_directory
CREATE DATABASE IF NOT EXISTS `db_directory` /*!40100 DEFAULT CHARACTER SET latin1 */;
USE `db_directory`;

-- Dumping structure for table db_directory.dir_access_menu
CREATE TABLE IF NOT EXISTS `dir_access_menu` (
  `id_access` int(11) NOT NULL AUTO_INCREMENT,
  `level_id` int(11) DEFAULT NULL,
  `id_menu` int(11) DEFAULT NULL,
  `exported_access` tinyint(4) DEFAULT '0',
  `created_access` tinyint(4) DEFAULT '0',
  `updated_access` tinyint(4) DEFAULT '0',
  `deleted_access` tinyint(4) DEFAULT '0',
  `read_access` tinyint(4) DEFAULT '0',
  `other_access` tinyint(4) DEFAULT '0',
  `created_user` int(11) DEFAULT NULL,
  `updated_user` int(11) DEFAULT NULL,
  `created_date` datetime DEFAULT NULL,
  `updated_date` datetime DEFAULT NULL,
  PRIMARY KEY (`id_access`)
) ENGINE=InnoDB AUTO_INCREMENT=28 DEFAULT CHARSET=latin1;

-- Dumping data for table db_directory.dir_access_menu: ~27 rows (approximately)
/*!40000 ALTER TABLE `dir_access_menu` DISABLE KEYS */;
INSERT INTO `dir_access_menu` (`id_access`, `level_id`, `id_menu`, `exported_access`, `created_access`, `updated_access`, `deleted_access`, `read_access`, `other_access`, `created_user`, `updated_user`, `created_date`, `updated_date`) VALUES
	(1, 1, 1, 1, 1, 1, 1, 1, 0, 1, 1, '2022-01-17 10:45:01', '2022-01-18 02:32:41'),
	(2, 1, 3, 1, 1, 1, 1, 1, 0, 1, 1, '2022-01-17 15:02:23', '2022-01-18 02:32:45'),
	(3, 1, 4, 1, 1, 1, 1, 1, 0, 1, 1, '2022-01-17 15:32:21', '2022-01-18 02:32:48'),
	(4, 1, 8, 1, 1, 1, 1, 1, 1, 1, 1, '2022-01-18 13:43:40', '2022-01-18 02:32:52'),
	(5, 1, 10, 1, 1, 1, 1, 1, 0, 1, 1, '2022-01-18 02:32:04', '2022-01-18 02:32:56'),
	(6, 1, 11, 1, 1, 1, 1, 1, 0, 1, 1, '2022-01-18 03:32:35', '2022-01-18 03:32:54'),
	(7, 1, 12, 1, 1, 1, 1, 1, 0, 1, 1, '2022-01-18 03:33:10', '2022-01-18 03:33:19'),
	(8, 1, 13, 1, 1, 1, 1, 1, 0, 1, NULL, '2022-01-18 03:33:36', NULL),
	(9, 1, 14, 1, 1, 1, 1, 1, 0, 1, NULL, '2022-01-18 03:34:03', NULL),
	(10, 1, 15, 1, 1, 1, 1, 1, 0, 1, 1, '2022-01-18 03:34:19', '2022-01-18 03:34:28'),
	(11, 1, 17, 1, 1, 1, 1, 1, 1, 1, NULL, '2022-01-18 03:34:44', NULL),
	(12, 1, 18, 1, 1, 1, 1, 1, 0, 1, NULL, '2022-01-18 03:34:58', NULL),
	(13, 1, 16, 1, 1, 1, 1, 1, 0, 1, NULL, '2022-01-18 03:36:39', NULL),
	(14, 2, 3, 1, 1, 1, 1, 1, 0, 1, 1, '2022-01-21 08:46:00', '2022-01-21 02:23:04'),
	(15, 2, 11, 1, 1, 1, 1, 1, 0, 1, 1, '2022-01-21 08:46:00', '2022-01-21 02:23:04'),
	(16, 2, 4, 1, 1, 1, 1, 1, 0, 1, 1, '2022-01-21 08:46:00', '2022-01-21 02:23:04'),
	(17, 2, 12, 1, 1, 1, 1, 1, 0, 1, 1, '2022-01-21 08:46:00', '2022-01-21 02:23:04'),
	(18, 2, 13, 1, 1, 1, 1, 1, 0, 1, 1, '2022-01-21 08:46:00', '2022-01-21 02:23:04'),
	(19, 2, 17, 1, 1, 1, 1, 1, 0, 1, 1, '2022-01-21 08:46:00', '2022-01-21 02:23:04'),
	(20, 2, 18, 1, 1, 1, 1, 1, 0, 1, 1, '2022-01-21 08:46:00', '2022-01-21 02:23:04'),
	(21, 2, 16, 1, 1, 1, 1, 1, 0, 1, 1, '2022-01-21 08:46:00', '2022-01-21 02:23:04'),
	(22, 2, 14, 1, 1, 1, 1, 1, 0, 1, 1, '2022-01-21 08:46:00', '2022-01-21 02:23:04'),
	(23, 2, 15, 1, 1, 1, 1, 1, 0, 1, 1, '2022-01-21 08:46:00', '2022-01-21 02:23:04'),
	(24, 2, 10, 1, 1, 1, 1, 1, 0, 1, 1, '2022-01-21 08:46:00', '2022-01-21 02:23:04'),
	(25, 2, 8, 1, 1, 1, 1, 1, 1, 1, 1, '2022-01-21 08:46:00', '2022-01-21 02:23:04'),
	(26, 2, 1, 1, 1, 1, 1, 1, 0, 1, 1, '2022-01-21 08:46:00', '2022-01-21 02:23:04'),
	(27, 1, 19, 1, 1, 1, 1, 1, 0, 1, NULL, '2022-01-26 13:04:39', NULL);
/*!40000 ALTER TABLE `dir_access_menu` ENABLE KEYS */;

-- Dumping structure for table db_directory.dir_cabang
CREATE TABLE IF NOT EXISTS `dir_cabang` (
  `id_cabang` int(11) NOT NULL AUTO_INCREMENT,
  `cabang_nama` varchar(50) NOT NULL,
  `status` int(11) NOT NULL,
  `created_user` varchar(255) DEFAULT NULL,
  `updated_user` varchar(255) DEFAULT NULL,
  `created_date` timestamp NULL DEFAULT CURRENT_TIMESTAMP,
  `updated_date` datetime DEFAULT NULL,
  PRIMARY KEY (`id_cabang`) USING BTREE
) ENGINE=InnoDB AUTO_INCREMENT=10 DEFAULT CHARSET=latin1 AVG_ROW_LENGTH=3276 ROW_FORMAT=COMPACT;

-- Dumping data for table db_directory.dir_cabang: ~9 rows (approximately)
/*!40000 ALTER TABLE `dir_cabang` DISABLE KEYS */;
INSERT INTO `dir_cabang` (`id_cabang`, `cabang_nama`, `status`, `created_user`, `updated_user`, `created_date`, `updated_date`) VALUES
	(1, 'SENI BACA AL QUR\'AN', 1, NULL, NULL, '2020-02-24 08:22:19', NULL),
	(2, 'QIRA\'AT AL QUR\'AN', 1, NULL, '2', '2020-02-24 08:22:53', '2021-11-04 10:09:07'),
	(3, 'HAFALAN AL QUR\'AN', 1, NULL, '2', '2020-02-24 08:23:06', '2020-06-30 08:47:26'),
	(4, 'TAFSIR AL QUR\'AN', 1, NULL, NULL, '2020-02-24 08:23:25', NULL),
	(5, 'FAHM AL QUR\'AN', 1, NULL, '2', '2020-02-24 08:23:47', '2021-11-04 10:09:01'),
	(6, 'SYARH AL QUR\'AN', 1, NULL, '2', '2020-02-24 08:24:40', '2021-11-04 10:08:55'),
	(7, 'SENI KALIGRAFI AL QUR\'AN', 1, NULL, '2', '2020-02-24 08:24:56', '2021-11-04 10:08:49'),
	(8, 'KARYA TULIS ILMIAH AL QUR\'AN', 1, NULL, '2', '2020-02-24 08:25:23', '2021-11-04 10:08:41'),
	(9, 'MUSABAQAH HAFALAN AL HADIS', 0, '2', '2', '2020-03-11 04:53:00', '2021-11-04 10:09:13');
/*!40000 ALTER TABLE `dir_cabang` ENABLE KEYS */;

-- Dumping structure for table db_directory.dir_event
CREATE TABLE IF NOT EXISTS `dir_event` (
  `id_event` int(11) NOT NULL AUTO_INCREMENT,
  `event_tahun` varchar(255) DEFAULT NULL,
  `event_name` varchar(255) DEFAULT NULL,
  `event_kota` varchar(255) DEFAULT NULL,
  `event_provinsi` varchar(255) DEFAULT NULL,
  `created_user` int(11) DEFAULT NULL,
  `updated_user` int(11) DEFAULT NULL,
  `created_date` datetime DEFAULT NULL,
  `updated_date` datetime DEFAULT NULL,
  PRIMARY KEY (`id_event`) USING BTREE
) ENGINE=InnoDB AUTO_INCREMENT=9 DEFAULT CHARSET=utf8mb4 ROW_FORMAT=DYNAMIC;

-- Dumping data for table db_directory.dir_event: ~8 rows (approximately)
/*!40000 ALTER TABLE `dir_event` DISABLE KEYS */;
INSERT INTO `dir_event` (`id_event`, `event_tahun`, `event_name`, `event_kota`, `event_provinsi`, `created_user`, `updated_user`, `created_date`, `updated_date`) VALUES
	(1, '2014', 'MTQN XXV', 'Batam', 'Kepulauan Riau', NULL, NULL, NULL, NULL),
	(2, '2015', 'STQN XXIII', 'Jakarta', NULL, NULL, NULL, NULL, NULL),
	(3, '2016', 'MTQN XXVI', 'NTB', NULL, NULL, NULL, NULL, NULL),
	(4, '2017', 'STQN', 'Kaltara', NULL, NULL, NULL, NULL, NULL),
	(5, '2018', 'MTQN XXVII', 'Kota Subulussalam', 'Aceh', NULL, 1, NULL, '2022-01-26 09:28:07'),
	(6, '2019', 'STQN', NULL, NULL, NULL, NULL, NULL, NULL),
	(7, '2020', 'MTQN', NULL, NULL, NULL, NULL, NULL, NULL),
	(8, '2021', 'STQHN XXVI', 'Sofifi', NULL, NULL, NULL, NULL, NULL);
/*!40000 ALTER TABLE `dir_event` ENABLE KEYS */;

-- Dumping structure for table db_directory.dir_file
CREATE TABLE IF NOT EXISTS `dir_file` (
  `id_file` int(11) NOT NULL AUTO_INCREMENT,
  `id_event` int(11) DEFAULT NULL,
  `judul_file` varchar(50) DEFAULT NULL,
  `nama_file` varchar(50) DEFAULT NULL,
  `created_user` int(11) DEFAULT NULL,
  `updated_user` int(11) DEFAULT NULL,
  `created_date` int(11) DEFAULT NULL,
  `updated_date` int(11) DEFAULT NULL,
  PRIMARY KEY (`id_file`)
) ENGINE=InnoDB AUTO_INCREMENT=2 DEFAULT CHARSET=latin1;

-- Dumping data for table db_directory.dir_file: ~1 rows (approximately)
/*!40000 ALTER TABLE `dir_file` DISABLE KEYS */;
INSERT INTO `dir_file` (`id_file`, `id_event`, `judul_file`, `nama_file`, `created_user`, `updated_user`, `created_date`, `updated_date`) VALUES
	(1, 1, 'file 3', 'pdf/1643178546.pdf', 1, 1, 2022, 2022);
/*!40000 ALTER TABLE `dir_file` ENABLE KEYS */;

-- Dumping structure for table db_directory.dir_golongan
CREATE TABLE IF NOT EXISTS `dir_golongan` (
  `id_golongan` int(11) NOT NULL AUTO_INCREMENT,
  `id_cabang` int(11) NOT NULL,
  `golongan_nama` varchar(50) CHARACTER SET latin1 DEFAULT NULL,
  `golongan_umur` int(11) DEFAULT '0',
  `created_user` int(11) DEFAULT '0',
  `updated_user` int(11) DEFAULT '0',
  `created_date` datetime DEFAULT NULL,
  `updated_date` datetime DEFAULT NULL,
  PRIMARY KEY (`id_golongan`) USING BTREE
) ENGINE=InnoDB AUTO_INCREMENT=129 DEFAULT CHARSET=latin1 COLLATE=latin1_general_ci AVG_ROW_LENGTH=2340 ROW_FORMAT=DYNAMIC;

-- Dumping data for table db_directory.dir_golongan: ~52 rows (approximately)
/*!40000 ALTER TABLE `dir_golongan` DISABLE KEYS */;
INSERT INTO `dir_golongan` (`id_golongan`, `id_cabang`, `golongan_nama`, `golongan_umur`, `created_user`, `updated_user`, `created_date`, `updated_date`) VALUES
	(1, 1, 'Tartil Al Qur\'an Putera', 12, 0, 0, NULL, NULL),
	(2, 1, 'Tartil Al Qur\'an Puteri', 12, 0, 0, NULL, NULL),
	(3, 1, 'Tilawah Anak-anak Putera', 14, 0, 0, NULL, NULL),
	(4, 1, 'Tilawah Anak-anak Puteri', 14, 0, 0, NULL, NULL),
	(5, 1, 'Tilawah Remaja Putera', 24, 0, 0, NULL, NULL),
	(6, 1, 'Tilawah Remaja Puteri', 24, 0, 0, NULL, NULL),
	(7, 1, 'Tilawah Tuna Netra Putera', 49, 0, 0, NULL, NULL),
	(8, 1, 'Tilawah Tuna Netra Puteri', 49, 0, 0, NULL, NULL),
	(9, 1, 'Tilawah Dewasa Putera', 40, 0, 0, NULL, NULL),
	(10, 1, 'Tilawah Dewasa Puteri', 40, 0, 0, NULL, NULL),
	(11, 2, 'Qira\'at Al Qur\'an Mujawwad Dewasa Putera', 40, 0, 0, NULL, NULL),
	(12, 2, 'Qira\'at Al Qur\'an Mujawwad Dewasa Puteri', 40, 0, 0, NULL, NULL),
	(13, 2, 'Qira\'at Al Qur\'an Murattal Dewasa Putera', 40, 0, 0, NULL, NULL),
	(14, 2, 'Qira\'at Al Qur\'an Murattal Dewasa Puteri', 40, 0, 0, NULL, NULL),
	(15, 2, 'Qira\'at Al Qur\'an Murattal Remaja Putera', 24, 0, 0, NULL, NULL),
	(16, 2, 'Qira\'at Al Qur\'an Murattal Remaja Puteri', 24, 0, 0, NULL, NULL),
	(17, 3, '1 Juz dan Tilawah Putera', 15, 0, 0, NULL, NULL),
	(18, 3, '1 Juz dan Tilawah Puteri', 15, 0, 0, NULL, NULL),
	(19, 3, '5 Juz dan Tilawah Putera', 20, 0, 0, NULL, NULL),
	(20, 3, '5 Juz dan Tilawah Puteri', 20, 0, 0, NULL, NULL),
	(21, 3, '10 Juz Putera', 22, 0, 0, NULL, NULL),
	(22, 3, '10 Juz Puteri', 22, 0, 0, NULL, NULL),
	(23, 3, '20 Juz Putera', 22, 0, 0, NULL, NULL),
	(24, 3, '20 Juz Puteri', 22, 0, 0, NULL, NULL),
	(25, 3, '30 Juz Putera', 22, 0, 0, NULL, NULL),
	(26, 3, '30 Juz Puteri', 22, 0, 0, NULL, NULL),
	(27, 4, 'Bahasa Arab Putera', 22, 0, 0, NULL, NULL),
	(28, 4, 'Bahasa Arab Puteri', 22, 0, 0, NULL, NULL),
	(29, 4, 'Bahasa Indonesia Putera', 34, 0, 0, NULL, NULL),
	(30, 4, 'Bahasa Indonesia Puteri', 34, 0, 0, NULL, NULL),
	(31, 4, 'Bahasa Inggris Putera', 34, 0, 0, NULL, NULL),
	(32, 4, 'Bahasa Inggris Puteri', 34, 0, 0, NULL, NULL),
	(33, 5, 'Fahm Al Qur\'an Putera', 18, 0, 0, NULL, NULL),
	(34, 5, 'Fahm Al Qur\'an Puteri', 18, 0, 0, NULL, NULL),
	(35, 6, 'Syarh Al Qur\'an Putera', 18, 0, 0, NULL, NULL),
	(36, 6, 'Syarh Al Qur\'an Puteri', 18, 0, 0, NULL, NULL),
	(37, 7, 'Naskah Putera', 34, 0, 0, NULL, NULL),
	(38, 7, 'Naskah Puteri', 34, 0, 0, NULL, NULL),
	(39, 7, 'Hiasan Mushaf Putera', 34, 0, 0, NULL, NULL),
	(40, 7, 'Hiasan Mushaf Puteri', 34, 0, 0, NULL, NULL),
	(41, 7, 'Dekorasi Putera', 34, 0, 0, NULL, NULL),
	(42, 7, 'Dekorasi Puteri', 34, 0, 0, NULL, NULL),
	(43, 7, 'Kontemporer Putera', 34, 0, 0, NULL, NULL),
	(44, 7, 'Kontemporer Puteri', 34, 0, 0, NULL, NULL),
	(45, 8, 'KTIQ Putera', 24, 0, 0, NULL, NULL),
	(46, 8, 'KTIQ Puteri', 24, 0, 0, NULL, NULL),
	(123, 9, 'Hafalan 100 Hadis Dengan Sanad Putera', 23, 0, 0, NULL, NULL),
	(124, 9, 'Hafalan 100 Hadis Dengan Sanad Puteri', 23, 0, 0, NULL, NULL),
	(125, 9, 'Hafalan 500 Hadis Tanpa Sanad Putera', 23, 0, 0, NULL, NULL),
	(126, 9, 'Hafalan 500 Hadis Tanpa Sanad Puteri', 23, 0, 0, NULL, NULL),
	(127, 2, 'Qira\'at Al Qur\'an Mujawwad Remaja Putera', 24, 0, 0, NULL, NULL),
	(128, 2, 'Qira\'at Al Qur\'an Mujawwad Remaja Puteri', 24, 0, 0, NULL, NULL);
/*!40000 ALTER TABLE `dir_golongan` ENABLE KEYS */;

-- Dumping structure for table db_directory.dir_header_menu
CREATE TABLE IF NOT EXISTS `dir_header_menu` (
  `id_header_menu` int(11) NOT NULL AUTO_INCREMENT,
  `nama_header` varchar(20) DEFAULT NULL,
  `order_by` int(11) DEFAULT NULL,
  `created_user` int(11) DEFAULT NULL,
  `updated_user` int(11) DEFAULT NULL,
  `created_date` datetime DEFAULT NULL,
  `updated_date` datetime DEFAULT NULL,
  PRIMARY KEY (`id_header_menu`)
) ENGINE=InnoDB AUTO_INCREMENT=6 DEFAULT CHARSET=latin1;

-- Dumping data for table db_directory.dir_header_menu: ~4 rows (approximately)
/*!40000 ALTER TABLE `dir_header_menu` DISABLE KEYS */;
INSERT INTO `dir_header_menu` (`id_header_menu`, `nama_header`, `order_by`, `created_user`, `updated_user`, `created_date`, `updated_date`) VALUES
	(1, 'Konfigurasi', 999, 1, NULL, '2022-01-17 10:35:11', NULL),
	(2, 'Master', 1, 1, NULL, '2022-01-17 15:00:28', NULL),
	(4, 'Transaksi', 2, 1, NULL, '2022-01-18 03:27:49', NULL),
	(5, 'User', 3, 1, NULL, '2022-01-18 03:27:58', NULL);
/*!40000 ALTER TABLE `dir_header_menu` ENABLE KEYS */;

-- Dumping structure for table db_directory.dir_juara
CREATE TABLE IF NOT EXISTS `dir_juara` (
  `id_juara` int(11) NOT NULL AUTO_INCREMENT,
  `id_event` int(11) NOT NULL,
  `id_cabang` int(11) NOT NULL,
  `id_golongan` int(11) NOT NULL,
  `juara_ke` char(1) NOT NULL,
  `id_kategori` int(11) DEFAULT NULL,
  `id_subkategori` int(11) DEFAULT NULL,
  `juara_nama` varchar(255) DEFAULT NULL,
  `juara_nilai` varchar(255) DEFAULT NULL,
  `juara_provinsi` varchar(255) DEFAULT NULL,
  `juara_foto` varchar(255) DEFAULT NULL,
  `juara_telp` varchar(20) DEFAULT NULL,
  `created_user` varchar(255) DEFAULT NULL,
  `updated_user` varchar(255) DEFAULT NULL,
  `created_date` datetime DEFAULT NULL,
  `updated_date` datetime DEFAULT NULL,
  PRIMARY KEY (`id_juara`,`id_event`,`id_cabang`,`id_golongan`,`juara_ke`)
) ENGINE=InnoDB AUTO_INCREMENT=53 DEFAULT CHARSET=utf8mb4 ROW_FORMAT=DYNAMIC;

-- Dumping data for table db_directory.dir_juara: ~51 rows (approximately)
/*!40000 ALTER TABLE `dir_juara` DISABLE KEYS */;
INSERT INTO `dir_juara` (`id_juara`, `id_event`, `id_cabang`, `id_golongan`, `juara_ke`, `id_kategori`, `id_subkategori`, `juara_nama`, `juara_nilai`, `juara_provinsi`, `juara_foto`, `juara_telp`, `created_user`, `updated_user`, `created_date`, `updated_date`) VALUES
	(1, 1, 1, 9, '1', NULL, NULL, 'Jakpar', '97,3333', 'SU', NULL, NULL, NULL, '1', NULL, '2022-01-19 10:31:06'),
	(2, 1, 1, 9, '2', NULL, NULL, 'H. Awaluddin', '97,0000', 'KR', NULL, NULL, NULL, NULL, NULL, NULL),
	(3, 1, 1, 9, '3', NULL, NULL, 'H. Bangun Syahraya', '95,3333', 'SS', NULL, NULL, NULL, NULL, NULL, NULL),
	(4, 1, 1, 9, '4', 2, 5, 'Heri Kiswanto', '12', 'BT', NULL, '082134971243', NULL, '1', NULL, '2022-01-26 02:11:35'),
	(5, 1, 1, 9, '5', NULL, NULL, 'H. Endang Ismatullah H.R.H', NULL, 'JK', NULL, NULL, NULL, NULL, NULL, NULL),
	(6, 1, 1, 9, '6', 2, 4, 'Takdir Feiza', '2', 'AC', NULL, '082134971243', NULL, '1', NULL, '2022-01-26 05:01:15'),
	(7, 1, 1, 10, '1', NULL, NULL, 'Nursiah', '97,6667', 'KR', NULL, NULL, NULL, NULL, NULL, NULL),
	(8, 1, 1, 10, '2', NULL, NULL, 'Mastia Lestaluhu', '97,5000', 'BT', NULL, NULL, NULL, NULL, NULL, NULL),
	(9, 1, 1, 10, '3', NULL, NULL, 'Hj. Nurjannah, MHI', '93,6667', 'SU', NULL, NULL, NULL, NULL, NULL, NULL),
	(10, 1, 1, 10, '4', NULL, NULL, 'Andi Tenriani', NULL, 'ST', NULL, NULL, NULL, NULL, NULL, NULL),
	(11, 1, 1, 10, '5', NULL, NULL, 'Usmiaty Usman', NULL, 'MA', NULL, NULL, NULL, NULL, NULL, NULL),
	(12, 1, 1, 10, '6', NULL, NULL, 'Mutia Rahmi', NULL, 'SB', NULL, NULL, NULL, NULL, NULL, NULL),
	(13, 1, 1, 5, '1', NULL, NULL, 'Muh. Hidayat', '96,6667', 'PB', NULL, NULL, NULL, NULL, NULL, NULL),
	(15, 1, 1, 5, '2', NULL, NULL, 'Ilham Mahmuddin', '95,0000', 'JB', NULL, NULL, NULL, NULL, NULL, NULL),
	(16, 1, 1, 5, '3', NULL, NULL, 'Abdul Sengkang Gurium', '93,6667', 'MA', NULL, NULL, NULL, NULL, NULL, NULL),
	(17, 1, 1, 5, '4', NULL, NULL, 'Muhammad Yunus', NULL, 'KR', NULL, NULL, NULL, NULL, NULL, NULL),
	(18, 1, 1, 5, '5', NULL, NULL, 'Adnan', NULL, 'SU', NULL, NULL, NULL, NULL, NULL, NULL),
	(19, 1, 1, 5, '6', NULL, NULL, 'Syaiful Huda', NULL, 'JT', NULL, NULL, NULL, NULL, NULL, NULL),
	(20, 1, 1, 6, '1', NULL, NULL, 'Annisa Febrika', '96,1667', 'KR', NULL, NULL, NULL, NULL, NULL, NULL),
	(21, 1, 1, 6, '2', NULL, NULL, 'Fajar Mulya Nisa Agustina', '94,0000', 'SU', NULL, NULL, NULL, NULL, NULL, NULL),
	(22, 1, 1, 6, '3', NULL, NULL, 'Muzayatul Milah', '93,0000', 'JK', NULL, NULL, NULL, NULL, NULL, NULL),
	(23, 1, 1, 6, '4', NULL, NULL, 'Munayah', NULL, 'PB', NULL, NULL, NULL, NULL, NULL, NULL),
	(24, 1, 1, 6, '5', NULL, NULL, 'Alfiatur Rohmaniah', NULL, 'SS', NULL, NULL, NULL, NULL, NULL, NULL),
	(25, 1, 1, 6, '6', NULL, NULL, 'Fenty Manda Putri', NULL, 'RI', NULL, NULL, NULL, NULL, NULL, NULL),
	(26, 1, 1, 3, '1', NULL, NULL, 'Adnan Tumangger', '97,0000', 'SU', NULL, NULL, NULL, NULL, NULL, NULL),
	(27, 1, 1, 3, '2', NULL, NULL, 'Andika Pangestu', '93,0000', 'KR', NULL, NULL, NULL, NULL, NULL, NULL),
	(28, 1, 1, 3, '3', NULL, NULL, 'Arbi Aziz Pamungkas', '92,0000', 'LA', NULL, NULL, NULL, NULL, NULL, NULL),
	(29, 1, 1, 3, '4', NULL, NULL, 'Taufik Hidayat', NULL, 'KT', NULL, NULL, NULL, NULL, NULL, NULL),
	(30, 1, 1, 3, '5', NULL, NULL, 'Akhyar', NULL, 'SN', NULL, NULL, NULL, NULL, NULL, NULL),
	(31, 1, 1, 3, '6', NULL, NULL, 'Muchammad Ikhsan Aziz', NULL, 'JT', NULL, NULL, NULL, NULL, NULL, NULL),
	(32, 1, 1, 4, '1', NULL, NULL, 'Zulaikha', '95,5000', 'KR', NULL, NULL, NULL, NULL, NULL, NULL),
	(33, 1, 1, 4, '2', NULL, NULL, 'Umi Qalsum', '91,6667', 'KB', NULL, NULL, NULL, NULL, NULL, NULL),
	(34, 1, 1, 4, '3', NULL, NULL, 'Yunita Karlina', '88,6667', 'SS', NULL, NULL, NULL, NULL, NULL, NULL),
	(35, 1, 1, 4, '4', NULL, NULL, 'Nadia Hawasyi', NULL, 'JB', NULL, NULL, NULL, NULL, NULL, NULL),
	(36, 1, 1, 4, '5', NULL, NULL, 'Luthfi Lathifah Rizki', NULL, 'JA', NULL, NULL, NULL, NULL, NULL, NULL),
	(37, 1, 1, 4, '6', NULL, NULL, 'Nurhasanah', NULL, 'SN', NULL, NULL, NULL, NULL, NULL, NULL),
	(38, 1, 1, 1, '1', NULL, NULL, 'Aidil Zakatulizad', '97,6667', 'KR', NULL, NULL, NULL, NULL, NULL, NULL),
	(39, 1, 1, 1, '2', NULL, NULL, 'Abdul Wahab Hasbullah', '95,3333', 'BE', NULL, NULL, NULL, NULL, NULL, NULL),
	(40, 0, 0, 1, '3', NULL, NULL, 'M. Rizki Fadillah', '93,3333', 'KS', NULL, NULL, NULL, NULL, NULL, NULL),
	(41, 0, 0, 1, '4', NULL, NULL, NULL, NULL, NULL, NULL, NULL, NULL, NULL, NULL, NULL),
	(42, 0, 0, 1, '5', NULL, NULL, 'Muntoko', NULL, 'JK', NULL, NULL, NULL, NULL, NULL, NULL),
	(43, 0, 0, 1, '6', NULL, NULL, 'Muhammad Abror Hamidi', NULL, 'JA', NULL, NULL, NULL, NULL, NULL, NULL),
	(44, 0, 0, 2, '1', NULL, NULL, 'Nafisah Almais Aidiyah', '94,000', 'BA', NULL, NULL, NULL, NULL, NULL, NULL),
	(45, 0, 0, 2, '2', NULL, NULL, 'Yayah Hidayah', '91,6667', 'BT', NULL, NULL, NULL, NULL, NULL, NULL),
	(46, 0, 0, 2, '3', NULL, NULL, 'Abelia Puspita', '91,3333', 'KR', NULL, NULL, NULL, NULL, NULL, NULL),
	(47, 0, 0, 2, '4', NULL, NULL, 'Zakiyah Darsiah', NULL, 'PB', NULL, NULL, NULL, NULL, NULL, NULL),
	(48, 0, 0, 2, '5', NULL, NULL, 'Khairani', NULL, 'AC', NULL, NULL, NULL, NULL, NULL, NULL),
	(49, 0, 0, 2, '6', NULL, NULL, 'Daffa Ulima Azkiya', NULL, 'JB', NULL, NULL, NULL, NULL, NULL, NULL),
	(50, 5, 6, 35, '2', 1, 3, 'agif 2', '1', 'AC', 'img/foto_juara/1642644372.jpg', '082134971243', '1', '1', '2022-01-20 08:42:14', '2022-01-26 08:30:28'),
	(51, 1, 2, 128, '1', 1, 3, 'agif', '99', 'JK', 'img/foto_juara/1643160561.png', '082134971243', '1', '1', '2022-01-26 08:29:21', '2022-01-26 08:29:41'),
	(52, 8, 7, 44, '6', 2, 6, 'heri 2', '9', 'JB', 'img/foto_juara/1643198277.png', '086543', '1', NULL, '2022-01-26 06:57:57', NULL);
/*!40000 ALTER TABLE `dir_juara` ENABLE KEYS */;

-- Dumping structure for table db_directory.dir_kabkota
CREATE TABLE IF NOT EXISTS `dir_kabkota` (
  `prov_id` char(2) NOT NULL DEFAULT '0',
  `kabkota_id` char(2) NOT NULL DEFAULT '0',
  `kabkota_nama` varchar(50) DEFAULT NULL,
  PRIMARY KEY (`prov_id`,`kabkota_id`) USING BTREE
) ENGINE=InnoDB DEFAULT CHARSET=latin1 ROW_FORMAT=DYNAMIC;

-- Dumping data for table db_directory.dir_kabkota: ~515 rows (approximately)
/*!40000 ALTER TABLE `dir_kabkota` DISABLE KEYS */;
INSERT INTO `dir_kabkota` (`prov_id`, `kabkota_id`, `kabkota_nama`) VALUES
	('AC', '01', 'Aceh Selatan'),
	('AC', '02', 'Aceh Tenggara'),
	('AC', '03', 'Aceh Timur'),
	('AC', '04', 'Aceh Tengah'),
	('AC', '05', 'Aceh Barat'),
	('AC', '06', 'Aceh Besar'),
	('AC', '07', 'Pidie'),
	('AC', '08', 'Aceh Utara'),
	('AC', '09', 'Simeulue'),
	('AC', '10', 'Aceh Singkil'),
	('AC', '11', 'Bireuen'),
	('AC', '12', 'Aceh Barat Daya'),
	('AC', '13', 'Gayo Lues'),
	('AC', '14', 'Aceh Jaya'),
	('AC', '15', 'Nagan Raya'),
	('AC', '16', 'Aceh Tamiang'),
	('AC', '17', 'Bener Meriah'),
	('AC', '18', 'Pidie Jaya'),
	('AC', '71', 'Kota Banda Aceh'),
	('AC', '72', 'Kota Sabang'),
	('AC', '73', 'Kota Lhokseumawe'),
	('AC', '74', 'Kota Langsa'),
	('AC', '75', 'Kota Subulussalam'),
	('BA', '01', ''),
	('BA', '02', 'Bangli'),
	('BA', '03', 'Buleleng'),
	('BA', '04', 'Gianyar'),
	('BA', '05', 'Jembrana'),
	('BA', '06', 'Karangasem'),
	('BA', '07', 'Klungkung'),
	('BA', '08', 'Tabanan'),
	('BA', '09', 'Kota Denpasar'),
	('BA', '10', ''),
	('BB', '01', 'Bangka'),
	('BB', '02', 'Bangka Barat'),
	('BB', '03', 'Bangka Selatan'),
	('BB', '04', 'Bangka Tengah'),
	('BB', '05', 'Belitung'),
	('BB', '06', 'Belitung Timur'),
	('BB', '07', 'Kota Pangkal Pinang'),
	('BE', '01', 'Bengkulu Selatan'),
	('BE', '02', 'Bengkulu Tengah'),
	('BE', '03', 'Bengkulu Utara'),
	('BE', '04', 'Kaur'),
	('BE', '05', 'Kepahyang'),
	('BE', '06', 'Lebong'),
	('BE', '07', 'Mukomuko'),
	('BE', '08', 'Rejang Lebong'),
	('BE', '09', 'Seluma'),
	('BE', '10', 'Kota Bengkulu'),
	('BT', '01', 'Lebak'),
	('BT', '02', 'Pandeglang'),
	('BT', '03', 'Serang'),
	('BT', '04', 'Tangerang'),
	('BT', '05', 'Kota Cilegon'),
	('BT', '06', 'Kota Serang'),
	('BT', '07', 'Kota Tangerang'),
	('BT', '08', 'Kota Tangerang Selatan'),
	('GO', '01', 'Boalemo'),
	('GO', '02', 'Bone Bolango'),
	('GO', '03', 'Gorontalo'),
	('GO', '04', 'Gorontalo Utara'),
	('GO', '05', 'Pohuwo'),
	('GO', '06', 'Kota Gorontalo'),
	('JA', '01', 'Batanghari'),
	('JA', '02', 'Bungo'),
	('JA', '03', 'Kerinci'),
	('JA', '04', 'Merangin'),
	('JA', '05', 'Muaro Jambi'),
	('JA', '06', 'Sarolangun'),
	('JA', '07', 'Tanjung Jabung Barat'),
	('JA', '08', 'Tanjung Jabung Timur'),
	('JA', '09', 'Tebo'),
	('JA', '10', 'Kota Jambi'),
	('JA', '11', 'Kota Sungaipenuh'),
	('JB', '01', 'Bandung'),
	('JB', '02', 'Bandung Barat'),
	('JB', '03', 'Bekasi'),
	('JB', '04', 'Bogor'),
	('JB', '05', 'Ciamis'),
	('JB', '06', 'Cianjur'),
	('JB', '07', 'Cirebon'),
	('JB', '08', 'Garut'),
	('JB', '09', 'Indramayu'),
	('JB', '10', 'Karawang'),
	('JB', '11', 'Kuningan'),
	('JB', '12', 'Majalengka'),
	('JB', '13', 'Pangandaran'),
	('JB', '14', 'Purwakarta'),
	('JB', '15', 'Subang'),
	('JB', '16', 'Sukabumi'),
	('JB', '17', 'Sumedang'),
	('JB', '18', 'Tasikmalaya'),
	('JB', '19', 'Kota Bandung'),
	('JB', '20', 'Kota Banjar'),
	('JB', '21', 'Kota Bekasi'),
	('JB', '22', 'Kota Bogor'),
	('JB', '23', 'Kota Cimahi'),
	('JB', '24', 'Kota Cirebon'),
	('JB', '25', 'Kota Depok'),
	('JB', '26', 'Kota Sukabumi'),
	('JB', '27', 'Kota Tasikmalaya'),
	('JI', '01', 'Bangkalan'),
	('JI', '02', 'Banyuwangi'),
	('JI', '03', 'Blitar'),
	('JI', '04', 'Bojonegoro'),
	('JI', '05', 'Bondowoso'),
	('JI', '06', 'Gresik'),
	('JI', '07', 'Jember'),
	('JI', '08', 'Jombang'),
	('JI', '09', 'Kediri'),
	('JI', '10', 'Lamongan'),
	('JI', '11', 'Lumajang'),
	('JI', '12', 'Madiun'),
	('JI', '13', 'Magetan'),
	('JI', '14', 'Malang'),
	('JI', '15', 'Mojokerto'),
	('JI', '16', 'Nganjuk'),
	('JI', '17', 'Ngawi'),
	('JI', '18', 'Pacitan'),
	('JI', '19', 'Pamekasan'),
	('JI', '20', 'Pasuruan'),
	('JI', '21', 'Ponorogo'),
	('JI', '22', 'Probolinggo'),
	('JI', '23', 'Sampang'),
	('JI', '24', 'Sidoarjo'),
	('JI', '25', 'Situbondo'),
	('JI', '26', 'Sumenep'),
	('JI', '27', 'Trenggalek'),
	('JI', '28', 'Tuban'),
	('JI', '29', 'Tulungagung'),
	('JI', '30', 'Kota Batu'),
	('JI', '31', 'Kota Blitar'),
	('JI', '32', 'Kota Kediri'),
	('JI', '33', 'Kota Madiun'),
	('JI', '34', 'Kota Malang'),
	('JI', '35', 'Kota Mojokerto'),
	('JI', '36', 'Kota Pasuruan'),
	('JI', '37', 'Kota Probolinggo'),
	('JI', '38', 'Kota Surabaya'),
	('JK', '01', 'Kepulauan Seribu'),
	('JK', '02', 'Jakarta Barat'),
	('JK', '03', 'Jakarta Pusat'),
	('JK', '04', 'Jakarta Selatan'),
	('JK', '05', 'Jakarta Timur'),
	('JK', '06', 'Jakarta Utara'),
	('JT', '01', 'Banjarnegara'),
	('JT', '02', 'Banyumas'),
	('JT', '03', 'Batang'),
	('JT', '04', 'Blora'),
	('JT', '05', 'Boyolali'),
	('JT', '06', 'Brebes'),
	('JT', '07', 'Cilacap'),
	('JT', '08', 'Demak'),
	('JT', '09', 'Grobogan'),
	('JT', '10', 'Jepara'),
	('JT', '11', 'Karanganyar'),
	('JT', '12', 'Kebumen'),
	('JT', '13', 'Kendal'),
	('JT', '14', 'Klaten'),
	('JT', '15', 'Kudus'),
	('JT', '16', 'Magelang'),
	('JT', '17', 'Pati'),
	('JT', '18', 'Pekalongan'),
	('JT', '19', 'Pemalang'),
	('JT', '20', 'Purbalingga'),
	('JT', '21', 'Purworejo'),
	('JT', '22', 'Rembang'),
	('JT', '23', 'Semarang'),
	('JT', '24', 'Sragen'),
	('JT', '25', 'Sukoharjo'),
	('JT', '26', 'Tegal'),
	('JT', '27', 'Temanggung'),
	('JT', '28', 'Wonogiri'),
	('JT', '29', 'Wonosobo'),
	('JT', '30', 'Kota Magelang'),
	('JT', '31', 'Kota Pekalongan'),
	('JT', '32', 'Kota Salatiga'),
	('JT', '33', 'Kota Semarang'),
	('JT', '34', 'Kota Surakarta'),
	('JT', '35', 'Kota Tegal'),
	('KB', '01', 'Bengkayang'),
	('KB', '02', 'Kapuas Hulu'),
	('KB', '03', 'Kayong Utara'),
	('KB', '04', 'Ketapang'),
	('KB', '05', 'Kubu Raya'),
	('KB', '06', 'Landak'),
	('KB', '07', 'Melawi'),
	('KB', '08', 'Mempawah'),
	('KB', '09', 'Sambas'),
	('KB', '10', 'Sanggau'),
	('KB', '11', 'Sekadau'),
	('KB', '12', 'Sintang'),
	('KB', '13', 'Kota Pontianak'),
	('KB', '14', 'Kota Singkawang'),
	('KI', '01', 'Berau'),
	('KI', '02', 'Kutai Barat'),
	('KI', '03', 'Kutai Kertanegara'),
	('KI', '04', 'Kutai Timur'),
	('KI', '05', 'Mahakan Ulu'),
	('KI', '06', 'Paser'),
	('KI', '07', 'Penajam Paser Utara'),
	('KI', '08', 'Kota Balikpapan'),
	('KI', '09', 'Kota Bontang'),
	('KI', '10', 'Kota Samarinda'),
	('KR', '01', 'Bintan Kepulauan'),
	('KR', '02', 'Karimun'),
	('KR', '03', 'Kepulauan Anambas'),
	('KR', '04', 'Lingga'),
	('KR', '05', 'Natuna'),
	('KR', '06', 'Kota Batam'),
	('KR', '07', 'Kota Tanjung Pinang'),
	('KS', '01', 'Balangan'),
	('KS', '02', 'Banjar'),
	('KS', '03', 'Barito Kuala'),
	('KS', '04', 'Hulu Sungai Selatan'),
	('KS', '05', 'Hulu Sungai Tengah'),
	('KS', '06', 'Hulu Sungai Utara'),
	('KS', '07', 'Kotabaru'),
	('KS', '08', 'Tabalong'),
	('KS', '09', 'Tanah Bumbu'),
	('KS', '10', 'Tanah Laut'),
	('KS', '11', 'Tapin'),
	('KS', '12', 'Kota Banjarbaru'),
	('KS', '13', 'Kota Banjarmasin'),
	('KT', '01', 'Barito Selatan'),
	('KT', '02', 'Barito Timur'),
	('KT', '03', 'Barito Utara'),
	('KT', '04', 'Gunung Mas'),
	('KT', '05', 'Kapuas'),
	('KT', '06', 'Katingan'),
	('KT', '07', 'Kotawaringin Barat'),
	('KT', '08', 'Kotawaringin Timur'),
	('KT', '09', 'Lamandau'),
	('KT', '10', 'Murung Raya'),
	('KT', '11', 'Pulau Pisau'),
	('KT', '12', 'Sukamara'),
	('KT', '13', 'Seruyan'),
	('KT', '14', 'Palangka Raya'),
	('KU', '01', 'Bulungan'),
	('KU', '02', 'Malinau'),
	('KU', '03', 'Nunukan'),
	('KU', '04', 'Tana Tidung'),
	('KU', '05', 'Kota Tarakan'),
	('LA', '01', 'Lampung Barat'),
	('LA', '02', 'Lampung Selatan'),
	('LA', '03', 'Lampung Tengah'),
	('LA', '04', 'Lampung Timur'),
	('LA', '05', 'Lampung Utara'),
	('LA', '06', 'Mesuji'),
	('LA', '07', 'Pesawaran'),
	('LA', '08', 'Pesisir Barat'),
	('LA', '09', 'Pringsewu'),
	('LA', '10', 'Tanggamus'),
	('LA', '11', 'Tulang Bawang'),
	('LA', '12', 'Tulang Bawang Barat'),
	('LA', '13', 'Way Kanan'),
	('LA', '14', 'Kota Bandar Lampung'),
	('LA', '15', 'Kota Metro'),
	('MA', '01', 'Buru'),
	('MA', '02', 'Buru Selatan'),
	('MA', '03', 'Kepulauan Aru'),
	('MA', '04', 'Maluku Barat Daya'),
	('MA', '05', 'Maluku Tengah'),
	('MA', '06', 'Maluku Tenggara'),
	('MA', '07', 'Maluku Tenggara Barat'),
	('MA', '08', 'Seram Bagian Barat'),
	('MA', '09', 'Seram Bagian Timur'),
	('MA', '10', 'Kota Ambon'),
	('MA', '11', 'Kota Tual'),
	('MU', '01', 'Halmahera Barat'),
	('MU', '02', 'Halmahera Tengah'),
	('MU', '03', 'Halmahera Timur'),
	('MU', '04', 'Halmahera Selatan'),
	('MU', '05', 'Halmahera Utara'),
	('MU', '06', 'Kepulauan Sula'),
	('MU', '07', 'Pulau Morotai'),
	('MU', '08', 'Pulau Taliabu'),
	('MU', '09', 'Kota Ternate'),
	('MU', '10', 'Kota Tidore Kepulauan'),
	('NB', '01', 'Bima'),
	('NB', '02', 'Dompu'),
	('NB', '03', 'Lombok Barat'),
	('NB', '04', 'Lombok Tengah'),
	('NB', '05', 'Lombok Timur'),
	('NB', '06', 'Lombok Utara'),
	('NB', '07', 'Sumbawa'),
	('NB', '08', 'Sumbawa Barat'),
	('NB', '09', 'Kota Bima'),
	('NB', '10', 'Kota Mataram'),
	('NT', '01', 'Alor'),
	('NT', '02', 'Belu'),
	('NT', '03', 'Ende'),
	('NT', '04', 'Flores Timur'),
	('NT', '05', 'Kupang'),
	('NT', '06', 'Lembata'),
	('NT', '07', 'Malaka'),
	('NT', '08', 'Manggarai'),
	('NT', '09', 'Manggarai Barat'),
	('NT', '10', 'Manggarai Timur'),
	('NT', '11', 'Ngada'),
	('NT', '12', 'Nagekeo'),
	('NT', '13', 'Rote Ndao'),
	('NT', '14', 'Sabu Raijua'),
	('NT', '15', 'Sikka'),
	('NT', '16', 'Sumba Barat'),
	('NT', '17', 'Sumba Barat Daya'),
	('NT', '18', 'Sumba Tengah'),
	('NT', '19', 'Sumba Timur'),
	('NT', '20', 'Timor Tengah Selatan'),
	('NT', '21', 'Timor Tengah Utara'),
	('NT', '22', 'Kota Kupang'),
	('PA', '01', 'Asmat'),
	('PA', '02', 'Biak Numfor'),
	('PA', '03', 'Boven Digoel'),
	('PA', '04', 'Deiyai'),
	('PA', '05', 'Dogiyai'),
	('PA', '06', 'Intan Jaya'),
	('PA', '07', 'Jayapura'),
	('PA', '08', 'Jayawijaya'),
	('PA', '09', 'Keerom'),
	('PA', '10', 'Kepulauan Yapen'),
	('PA', '11', 'Lanny Jaya'),
	('PA', '12', 'Mamberamo Raya'),
	('PA', '13', 'Memberamo Tengah'),
	('PA', '14', 'Mappi'),
	('PA', '15', 'Merauke'),
	('PA', '16', 'Mimika'),
	('PA', '17', 'Nabire'),
	('PA', '18', 'Nduga'),
	('PA', '19', 'Paniai'),
	('PA', '20', 'Pegunungan Bintang'),
	('PA', '21', 'Puncak'),
	('PA', '22', 'Puncak Jaya'),
	('PA', '23', 'Sarmi'),
	('PA', '24', 'Supiori'),
	('PA', '25', 'Tolikara'),
	('PA', '26', 'Waropen'),
	('PA', '27', 'Yahukimo'),
	('PA', '28', 'Yalimo'),
	('PA', '29', 'Kota Jayapura'),
	('PB', '01', 'Fakfak'),
	('PB', '02', 'Kaimana'),
	('PB', '03', 'Manokwari'),
	('PB', '04', 'Manokwari Selatan'),
	('PB', '05', 'Maybrat'),
	('PB', '06', 'Pegunungan Arfak'),
	('PB', '07', 'Raja Ampat'),
	('PB', '08', 'Sorong'),
	('PB', '09', 'Sorong Selatan'),
	('PB', '10', 'Tambraw'),
	('PB', '11', 'Teluk Bintuni'),
	('PB', '12', 'Teluk Wondama'),
	('PB', '13', 'Kota Sorong'),
	('RI', '01', 'Bengkalis'),
	('RI', '02', 'Indragiri Hilir'),
	('RI', '03', 'Indragiri Hulu'),
	('RI', '04', 'Kampar'),
	('RI', '05', 'Kepulauan Meranti'),
	('RI', '06', 'Kuantan Singingi'),
	('RI', '07', 'Pelalawan'),
	('RI', '08', 'Rokan Hilir'),
	('RI', '09', 'Rokan Hulu'),
	('RI', '10', 'Siak'),
	('RI', '11', 'Kota Dumai'),
	('RI', '12', 'Kota Pekanbaru'),
	('SA', '01', 'Bolaang Mongondow'),
	('SA', '02', 'Bolaang Mongondow Selatan'),
	('SA', '03', 'Bolaang Mongondow Timur'),
	('SA', '04', 'Bolaang Mongondow Utara'),
	('SA', '05', 'Kepulauan Sangihe'),
	('SA', '06', 'Kepulauan Siau Tagulandang Biaro'),
	('SA', '07', 'Kepulauan Talaud'),
	('SA', '08', 'Minahasa'),
	('SA', '09', 'Minahasa Selatan'),
	('SA', '10', 'Minahasa Tenggara'),
	('SA', '11', 'Minahasa Utara'),
	('SA', '12', 'Kota Bitung'),
	('SA', '13', 'Kota Kotamobagu'),
	('SA', '14', 'Kota Manado'),
	('SA', '15', 'Kota Tomohon'),
	('SB', '01', 'Agam'),
	('SB', '02', 'Dharmasraya'),
	('SB', '03', 'Kepulauan Mentawai'),
	('SB', '04', 'Lima Puluh Kota'),
	('SB', '05', 'Padang Pariaman'),
	('SB', '06', 'Pasaman'),
	('SB', '07', 'Pasaman Barat'),
	('SB', '08', 'Pesisir Selatan'),
	('SB', '09', 'Sijunjung'),
	('SB', '10', 'Solok'),
	('SB', '11', 'Solok Selatan'),
	('SB', '12', 'Tanah Datar'),
	('SB', '13', 'Kota Bukittinggi'),
	('SB', '14', 'Kota Padang'),
	('SB', '15', 'Kota Padangpanjang'),
	('SB', '16', 'Kota Pariaman'),
	('SB', '17', 'Kota Payakumbuh'),
	('SB', '18', 'Kota Sawahlunto'),
	('SB', '19', 'Kota Solok'),
	('SG', '01', 'Bombana'),
	('SG', '02', 'Buton'),
	('SG', '03', 'Buton Selatan'),
	('SG', '04', 'Buton Tengah'),
	('SG', '05', 'Buton Utara'),
	('SG', '06', 'Kolaka'),
	('SG', '07', 'Kolaka Timur'),
	('SG', '08', 'Kolaka Utara'),
	('SG', '09', 'Konawe'),
	('SG', '10', 'Konawe Kepulauan'),
	('SG', '11', 'Konawe Selatan'),
	('SG', '12', 'Konawe Utara'),
	('SG', '13', 'Muna'),
	('SG', '14', 'Muna Barat'),
	('SG', '15', 'Wakatobi'),
	('SG', '16', 'Kota Bau-Bau'),
	('SG', '17', 'Kendari'),
	('SN', '01', 'Bantaeng'),
	('SN', '02', 'Barru'),
	('SN', '03', 'Bone'),
	('SN', '04', 'Bulukumba'),
	('SN', '05', 'Enrekang'),
	('SN', '06', 'Gowa'),
	('SN', '07', 'Jeneponto'),
	('SN', '08', 'Kepulauan Selayar'),
	('SN', '09', 'Luwu'),
	('SN', '10', 'Luwu Timur'),
	('SN', '11', 'Luwu Utara'),
	('SN', '12', 'Maros'),
	('SN', '13', 'Pangkajene dan Kepulauan'),
	('SN', '14', 'Pinrang'),
	('SN', '15', 'Sidenreng Rappang'),
	('SN', '16', 'Sinjai'),
	('SN', '17', 'Soppeng'),
	('SN', '18', 'Takalar'),
	('SN', '19', 'Tana Toraja'),
	('SN', '20', 'Toraja Utara'),
	('SN', '21', 'Wajo'),
	('SN', '22', 'Kota Makassar'),
	('SN', '23', 'Kota Palopo'),
	('SN', '24', 'Kota Parepare'),
	('SR', '01', 'Majene'),
	('SR', '02', 'Mamasa'),
	('SR', '03', 'Mamuju'),
	('SR', '04', 'Mamuju Tengah'),
	('SR', '05', 'Mamuju Utara'),
	('SR', '06', 'Polewali Mandar'),
	('SS', '01', 'Banyuasin'),
	('SS', '02', 'Empat Lawang'),
	('SS', '03', 'Lahat'),
	('SS', '04', 'Muara Enim'),
	('SS', '05', 'Musi Banyuasin'),
	('SS', '06', 'Musi Rawas'),
	('SS', '07', 'Musi Rawas Utara'),
	('SS', '08', 'Ogan Ilir'),
	('SS', '09', 'Ogan Komering Ilir'),
	('SS', '10', 'ogan Komering Ulu'),
	('SS', '11', 'ogan Komering Ulu Selatan'),
	('SS', '12', 'Ogan Komering Ulu Timur'),
	('SS', '13', 'Penukul Abab Lematang Ilir'),
	('SS', '14', 'Kota Lubuklinggau'),
	('SS', '15', 'Kota Pagar Alam'),
	('SS', '16', 'Kota Palembang'),
	('SS', '17', 'Kota Prabumulih'),
	('ST', '01', 'Banggai'),
	('ST', '02', 'Banggai Kepulauan'),
	('ST', '03', 'Banggai Laut'),
	('ST', '04', 'Buol'),
	('ST', '05', 'Donggala'),
	('ST', '06', 'Morowali'),
	('ST', '07', 'Morowali Utara'),
	('ST', '08', 'Parigi Moutong'),
	('ST', '09', 'Poso'),
	('ST', '10', 'Sigi'),
	('ST', '11', 'Tojo Una-Una'),
	('ST', '12', 'Toli Toli'),
	('ST', '13', 'Kota Palu'),
	('SU', '01', 'Asahan'),
	('SU', '02', 'Batubara'),
	('SU', '03', 'Dairi'),
	('SU', '04', 'Deli Serdang'),
	('SU', '05', 'Humbang Hasundutan'),
	('SU', '06', 'Karo'),
	('SU', '07', 'Labuhanbatu'),
	('SU', '08', 'Labutanbatu Selatan'),
	('SU', '09', 'Labuhanbatu Utara'),
	('SU', '10', 'Langkat'),
	('SU', '11', 'Mandailing Natal'),
	('SU', '12', 'Nias'),
	('SU', '13', 'Nias Barat'),
	('SU', '14', 'Nias Selatan'),
	('SU', '15', 'Nias Utara'),
	('SU', '16', 'Padang Lawas'),
	('SU', '17', 'Padang Lawas Utara'),
	('SU', '18', 'Pakpak Bharat'),
	('SU', '19', 'Samosir'),
	('SU', '20', 'Serdang Bedagai'),
	('SU', '21', 'Simalungun'),
	('SU', '22', 'Tapanuli Selatan'),
	('SU', '23', 'Tapanuli Tengah'),
	('SU', '24', 'Tapanuli Utara'),
	('SU', '25', 'Toba Samosir'),
	('SU', '26', 'Kota Binjai'),
	('SU', '27', 'Kota Gunungsitoli'),
	('SU', '28', 'Kota Medan'),
	('SU', '29', 'Kota Padangsidempuan'),
	('SU', '30', 'Kota Pematangsiantar'),
	('SU', '31', 'Kota Sibolga'),
	('SU', '32', 'Kota Tanjungbalai'),
	('SU', '33', 'Kota Tebing Tinggi'),
	('YO', '01', 'Bantul'),
	('YO', '02', 'GunungKidul'),
	('YO', '03', 'Kulon Progo'),
	('YO', '04', 'Sleman'),
	('YO', '05', 'Kota Yogyakarta');
/*!40000 ALTER TABLE `dir_kabkota` ENABLE KEYS */;

-- Dumping structure for table db_directory.dir_kategori
CREATE TABLE IF NOT EXISTS `dir_kategori` (
  `id_kategori` int(11) NOT NULL AUTO_INCREMENT,
  `nama_kategori` varchar(255) DEFAULT NULL,
  `foto_kategori` varchar(255) DEFAULT NULL,
  `created_user` int(11) DEFAULT NULL,
  `updated_user` int(11) DEFAULT NULL,
  `created_date` datetime DEFAULT NULL,
  `updated_date` datetime DEFAULT NULL,
  PRIMARY KEY (`id_kategori`) USING BTREE
) ENGINE=InnoDB AUTO_INCREMENT=4 DEFAULT CHARSET=utf8mb4 ROW_FORMAT=DYNAMIC;

-- Dumping data for table db_directory.dir_kategori: ~3 rows (approximately)
/*!40000 ALTER TABLE `dir_kategori` DISABLE KEYS */;
INSERT INTO `dir_kategori` (`id_kategori`, `nama_kategori`, `foto_kategori`, `created_user`, `updated_user`, `created_date`, `updated_date`) VALUES
	(1, 'Juara Nasional', 'img/foto_kategori/1643184768.png', NULL, 1, NULL, '2022-01-26 03:12:48'),
	(2, 'Juara Internasional', 'img/foto_kategori/1642646305.png', NULL, 1, NULL, '2022-01-20 09:38:25'),
	(3, 'Belajar Tilawah', 'img/foto_kategori/1642646325.png', NULL, 1, NULL, '2022-01-20 09:38:45');
/*!40000 ALTER TABLE `dir_kategori` ENABLE KEYS */;

-- Dumping structure for table db_directory.dir_log
CREATE TABLE IF NOT EXISTS `dir_log` (
  `HID` int(11) NOT NULL AUTO_INCREMENT,
  `UserID` int(11) DEFAULT '0',
  `Task` text,
  `DateTime` datetime DEFAULT NULL,
  `IP` varchar(15) DEFAULT NULL,
  PRIMARY KEY (`HID`) USING BTREE
) ENGINE=InnoDB AUTO_INCREMENT=41 DEFAULT CHARSET=latin1;

-- Dumping data for table db_directory.dir_log: ~40 rows (approximately)
/*!40000 ALTER TABLE `dir_log` DISABLE KEYS */;
INSERT INTO `dir_log` (`HID`, `UserID`, `Task`, `DateTime`, `IP`) VALUES
	(1, 1, 'logout', '2022-01-21 03:19:35', '192.168.2.83'),
	(2, 1, 'login developer', '2022-01-21 04:12:30', '192.168.2.83'),
	(3, 1, 'logout', '2022-01-21 04:13:07', '192.168.2.83'),
	(4, 1, 'login developer', '2022-01-21 06:02:29', '127.0.0.1'),
	(5, 1, 'logout', '2022-01-21 06:19:51', '192.168.17.85'),
	(6, 1, 'login developer', '2022-01-24 08:14:49', '127.0.0.1'),
	(7, 1, 'logout', '2022-01-24 08:15:02', '127.0.0.1'),
	(8, 1, 'login developer', '2022-01-24 09:32:23', '127.0.0.1'),
	(9, 1, 'login developer', '2022-01-24 03:37:32', '127.0.0.1'),
	(10, 1, 'Mengubah Data Video', '2022-01-24 03:45:06', '127.0.0.1'),
	(11, 1, 'Mengubah Data Video', '2022-01-24 03:45:25', '127.0.0.1'),
	(12, 1, 'Mengubah Data Video', '2022-01-24 03:45:44', '127.0.0.1'),
	(13, 1, 'login developer', '2022-01-25 08:23:15', '127.0.0.1'),
	(14, 1, 'Mengubah Data Video', '2022-01-25 08:37:32', '127.0.0.1'),
	(15, 1, 'login developer', '2022-01-26 08:16:10', '127.0.0.1'),
	(16, 1, 'Menambahkan Data Juara', '2022-01-26 08:29:21', '127.0.0.1'),
	(17, 1, 'Mengubah Data Juara', '2022-01-26 08:29:41', '127.0.0.1'),
	(18, 1, 'Mengubah Data Juara', '2022-01-26 08:30:13', '127.0.0.1'),
	(19, 1, 'Mengubah Data Juara', '2022-01-26 08:30:28', '127.0.0.1'),
	(20, 1, 'Mengubah Data Event', '2022-01-26 09:28:07', '127.0.0.1'),
	(21, 1, 'Mengubah Data Video', '2022-01-26 09:36:35', '127.0.0.1'),
	(22, 1, 'Mengubah Data Video', '2022-01-26 10:14:20', '127.0.0.1'),
	(23, 1, 'Mengubah Data Video', '2022-01-26 10:14:45', '127.0.0.1'),
	(24, 1, 'Mengubah Data Video', '2022-01-26 10:15:02', '127.0.0.1'),
	(25, 1, 'Mengubah Data Video', '2022-01-26 10:15:09', '127.0.0.1'),
	(26, 1, 'Mengubah Data Video', '2022-01-26 10:15:23', '127.0.0.1'),
	(27, 1, 'Mengubah Data Video', '2022-01-26 10:15:31', '127.0.0.1'),
	(28, 1, 'login developer', '2022-01-26 01:01:03', '127.0.0.1'),
	(29, 1, 'Menambahkan Data Menu', '2022-01-26 01:03:00', '127.0.0.1'),
	(30, 1, 'logout', '2022-01-26 01:04:51', '127.0.0.1'),
	(31, 1, 'login developer', '2022-01-26 01:04:53', '127.0.0.1'),
	(32, 1, 'Menambahkan Data File', '2022-01-26 01:25:32', '127.0.0.1'),
	(33, 1, 'Mengubah Data File', '2022-01-26 01:28:34', '127.0.0.1'),
	(34, 1, 'Mengubah Data File', '2022-01-26 01:29:06', '127.0.0.1'),
	(35, 1, 'Mengubah Data Juara', '2022-01-26 02:11:35', '127.0.0.1'),
	(36, 1, 'Mengubah Data Kategori', '2022-01-26 03:12:48', '127.0.0.1'),
	(37, 1, 'Mengubah Data Juara', '2022-01-26 05:00:55', '127.0.0.1'),
	(38, 1, 'Mengubah Data Juara', '2022-01-26 05:01:15', '127.0.0.1'),
	(39, 1, 'login developer', '2022-01-26 06:56:34', '127.0.0.1'),
	(40, 1, 'Menambahkan Data Juara', '2022-01-26 06:57:57', '127.0.0.1');
/*!40000 ALTER TABLE `dir_log` ENABLE KEYS */;

-- Dumping structure for table db_directory.dir_menu
CREATE TABLE IF NOT EXISTS `dir_menu` (
  `id_menu` int(11) NOT NULL AUTO_INCREMENT,
  `nama_menu` varchar(100) NOT NULL,
  `icon_menu` varchar(100) DEFAULT NULL,
  `link_nama_menu` varchar(50) DEFAULT NULL,
  `link_menu` varchar(50) DEFAULT NULL,
  `group_menu` tinyint(4) DEFAULT '0',
  `parent_menu` int(11) DEFAULT NULL,
  `id_header_menu` int(11) NOT NULL,
  `order_by` int(11) NOT NULL,
  `flag_menu` tinyint(4) NOT NULL DEFAULT '1',
  `created_user` int(11) DEFAULT '0',
  `updated_user` int(11) DEFAULT '0',
  `created_date` datetime DEFAULT NULL,
  `updated_date` datetime DEFAULT NULL,
  PRIMARY KEY (`id_menu`)
) ENGINE=InnoDB AUTO_INCREMENT=20 DEFAULT CHARSET=latin1;

-- Dumping data for table db_directory.dir_menu: ~15 rows (approximately)
/*!40000 ALTER TABLE `dir_menu` DISABLE KEYS */;
INSERT INTO `dir_menu` (`id_menu`, `nama_menu`, `icon_menu`, `link_nama_menu`, `link_menu`, `group_menu`, `parent_menu`, `id_header_menu`, `order_by`, `flag_menu`, `created_user`, `updated_user`, `created_date`, `updated_date`) VALUES
	(1, 'Menu', '<i class="fas fa-wrench"></i>', 'menu', '/menu', 0, NULL, 1, 999, 1, 1, 0, '2022-01-17 10:38:03', NULL),
	(2, 'Master', '<i class="fas fa-th"></i>', NULL, NULL, 1, NULL, 2, 1, 1, 0, 1, NULL, '2022-01-18 03:01:59'),
	(3, 'Kategori', NULL, 'kategori', '/kategori', 0, 2, 2, 2, 1, 0, 0, NULL, NULL),
	(4, 'Cabang', NULL, 'cabang', '/cabang', 0, 2, 2, 4, 1, 0, 1, NULL, '2022-01-18 03:15:50'),
	(8, 'Access Menu', '<i class="fas fa-wrench"></i>', 'access_menu', '/access_menu', 0, NULL, 1, 998, 1, 1, 1, '2022-01-18 01:50:52', '2022-01-18 01:51:51'),
	(10, 'Header Menu', '<i class="fas fa-wrench"></i>', 'header_menu', '/header_menu', 0, NULL, 1, 997, 1, 1, 1, '2022-01-18 02:31:44', '2022-01-18 03:19:59'),
	(11, 'Subkategori', NULL, 'subkategori', '/subkategori', 0, 2, 2, 3, 1, 1, 0, '2022-01-18 03:16:28', NULL),
	(12, 'Event', NULL, 'event', '/event', 0, 2, 2, 5, 1, 1, 0, '2022-01-18 03:17:21', NULL),
	(13, 'Golongan', NULL, 'golongan', '/golongan', 0, 2, 2, 6, 1, 1, 0, '2022-01-18 03:17:59', NULL),
	(14, 'User', '<i class="fas fa-users"></i>', 'user', '/user', 0, NULL, 5, 995, 1, 1, 1, '2022-01-18 03:19:46', '2022-01-18 03:28:11'),
	(15, 'Level User', '<i class="fas fa-user-ninja"></i>', 'level_user', '/level_user', 0, NULL, 5, 996, 1, 1, 1, '2022-01-18 03:22:04', '2022-01-18 03:28:24'),
	(16, 'Setting', '<i class="fas fa-wrench"></i>', 'setting', '/setting', 0, NULL, 1, 994, 1, 1, 1, '2022-01-18 03:24:46', '2022-01-18 03:38:48'),
	(17, 'Juara', '<i class="fas fa-trophy"></i>', 'juara', '/juara', 0, NULL, 4, 60, 1, 1, 0, '2022-01-18 03:29:30', NULL),
	(18, 'Video', '<i class="fab fa-youtube"></i>', 'video', '/video', 0, NULL, 4, 61, 1, 1, 0, '2022-01-18 03:30:31', NULL),
	(19, 'File', '<i class="fas fa-file-pdf"></i>', 'file', '/file', 0, NULL, 4, 1000, 1, 1, 0, '2022-01-26 01:03:00', NULL);
/*!40000 ALTER TABLE `dir_menu` ENABLE KEYS */;

-- Dumping structure for table db_directory.dir_provinsi
CREATE TABLE IF NOT EXISTS `dir_provinsi` (
  `prov_id` char(2) NOT NULL DEFAULT '0',
  `prov_kode` varchar(2) DEFAULT NULL,
  `prov_nama` varchar(50) DEFAULT NULL,
  `prov_alias` varchar(20) DEFAULT NULL,
  PRIMARY KEY (`prov_id`) USING BTREE
) ENGINE=InnoDB DEFAULT CHARSET=latin1 ROW_FORMAT=DYNAMIC;

-- Dumping data for table db_directory.dir_provinsi: ~34 rows (approximately)
/*!40000 ALTER TABLE `dir_provinsi` DISABLE KEYS */;
INSERT INTO `dir_provinsi` (`prov_id`, `prov_kode`, `prov_nama`, `prov_alias`) VALUES
	('AC', '11', 'Aceh', 'Aceh'),
	('BA', '51', 'Bali', 'Bali'),
	('BB', '19', 'Kepulauan Bangka Belitung', 'BABEL'),
	('BE', '17', 'Bengkulu', 'Bengkulu'),
	('BT', '36', 'Banten', 'Banten'),
	('GO', '75', 'Gorontalo', 'Gorontalo'),
	('JA', '15', 'Jambi', 'Jambi'),
	('JB', '32', 'Jawa Barat', 'JABAR'),
	('JI', '35', 'Jawa Timur', 'JATIM'),
	('JK', '31', 'DKI Jakarta', 'Jakarta'),
	('JT', '33', 'Jawa Tengah', 'JATENG'),
	('KB', '61', 'Kalimantan Barat', 'KALBAR'),
	('KI', '64', 'Kalimantan Timur', 'KALTIM'),
	('KR', '21', 'Kepulauan Riau', 'KEPRI'),
	('KS', '63', 'Kalimantan Selatan', 'KALSEL'),
	('KT', '62', 'Kalimantan Tengah', 'KALTENG'),
	('KU', '65', 'Kalimantan Utara', 'KALTARA'),
	('LA', '18', 'Lampung', 'Lampung'),
	('MA', '81', 'Maluku', 'Maluku'),
	('MU', '82', 'Maluku Utara', 'MALUT'),
	('NB', '52', 'Nusa Tenggara Barat', 'NTB'),
	('NT', '53', 'Nusa Tenggara Timur', 'NTT'),
	('PA', '91', 'Papua', 'Papua'),
	('PB', '92', 'Papua Barat', 'Papua Barat'),
	('RI', '14', 'Riau', 'Riau'),
	('SA', '71', 'Sulawesi Utara', 'SULUT'),
	('SB', '13', 'Sumatera Barat', 'SUMBAR'),
	('SG', '74', 'Sulawesi Tenggara', 'SULTRA'),
	('SN', '73', 'Sulawesi Selatan', 'SULSEL'),
	('SR', '76', 'Sulawesi Barat', 'SULBAR'),
	('SS', '16', 'Sumatera Selatan', 'SUMSEL'),
	('ST', '72', 'Sulawesi Tengah', 'SULTENG'),
	('SU', '12', 'Sumatera Utara', 'SUMUT'),
	('YO', '34', 'Yogyakarta', 'Yogyakarta');
/*!40000 ALTER TABLE `dir_provinsi` ENABLE KEYS */;

-- Dumping structure for table db_directory.dir_setting
CREATE TABLE IF NOT EXISTS `dir_setting` (
  `id_setting` int(11) NOT NULL AUTO_INCREMENT,
  `setting_title` varchar(255) DEFAULT NULL,
  `setting_logo_utama` varchar(255) DEFAULT NULL,
  `setting_logo_cadangan` varchar(255) DEFAULT NULL,
  `setting_footer` varchar(255) DEFAULT NULL,
  `updated_user` int(11) DEFAULT NULL,
  `updated_date` datetime DEFAULT NULL,
  PRIMARY KEY (`id_setting`) USING BTREE
) ENGINE=InnoDB AUTO_INCREMENT=2 DEFAULT CHARSET=latin1;

-- Dumping data for table db_directory.dir_setting: ~1 rows (approximately)
/*!40000 ALTER TABLE `dir_setting` DISABLE KEYS */;
INSERT INTO `dir_setting` (`id_setting`, `setting_title`, `setting_logo_utama`, `setting_logo_cadangan`, `setting_footer`, `updated_user`, `updated_date`) VALUES
	(1, 'Sang Juara', 'img/setting/1642667473.png', 'img/setting/1642667568.png', 'ini footer', NULL, NULL);
/*!40000 ALTER TABLE `dir_setting` ENABLE KEYS */;

-- Dumping structure for table db_directory.dir_subkategori
CREATE TABLE IF NOT EXISTS `dir_subkategori` (
  `id_subkategori` int(11) NOT NULL AUTO_INCREMENT,
  `id_kategori` int(11) DEFAULT NULL,
  `subkategori` varchar(255) DEFAULT NULL,
  `created_user` int(11) DEFAULT NULL,
  `updated_user` int(11) DEFAULT NULL,
  `created_date` datetime DEFAULT NULL,
  `updated_date` datetime DEFAULT NULL,
  PRIMARY KEY (`id_subkategori`) USING BTREE
) ENGINE=InnoDB AUTO_INCREMENT=10 DEFAULT CHARSET=utf8mb4 ROW_FORMAT=DYNAMIC;

-- Dumping data for table db_directory.dir_subkategori: ~9 rows (approximately)
/*!40000 ALTER TABLE `dir_subkategori` DISABLE KEYS */;
INSERT INTO `dir_subkategori` (`id_subkategori`, `id_kategori`, `subkategori`, `created_user`, `updated_user`, `created_date`, `updated_date`) VALUES
	(1, 1, 'Tilawah', NULL, NULL, NULL, NULL),
	(2, 1, 'Tahfizd', NULL, NULL, NULL, NULL),
	(3, 1, 'Kaligrafi', NULL, NULL, NULL, NULL),
	(4, 2, 'Tilawah', NULL, NULL, NULL, NULL),
	(5, 2, 'Tahfizd', NULL, NULL, NULL, NULL),
	(6, 2, 'Kaligrafi', NULL, NULL, NULL, NULL),
	(7, 3, 'Tilawah', NULL, NULL, NULL, NULL),
	(8, 3, 'Tahfizd', NULL, NULL, NULL, NULL),
	(9, 3, 'Kaligrafi', NULL, NULL, NULL, NULL);
/*!40000 ALTER TABLE `dir_subkategori` ENABLE KEYS */;

-- Dumping structure for table db_directory.dir_user
CREATE TABLE IF NOT EXISTS `dir_user` (
  `id_user` int(11) NOT NULL AUTO_INCREMENT,
  `user_username` varchar(50) NOT NULL,
  `user_nama` varchar(50) NOT NULL,
  `user_password` varchar(255) NOT NULL,
  `level_id` int(11) NOT NULL DEFAULT '0',
  `user_flag` char(1) NOT NULL DEFAULT '0',
  `last_login` datetime DEFAULT NULL,
  `created_user` int(11) DEFAULT '0',
  `updated_user` int(11) DEFAULT '0',
  `created_date` datetime DEFAULT NULL,
  `updated_date` datetime DEFAULT NULL,
  PRIMARY KEY (`id_user`) USING BTREE
) ENGINE=InnoDB AUTO_INCREMENT=3 DEFAULT CHARSET=latin1;

-- Dumping data for table db_directory.dir_user: ~2 rows (approximately)
/*!40000 ALTER TABLE `dir_user` DISABLE KEYS */;
INSERT INTO `dir_user` (`id_user`, `user_username`, `user_nama`, `user_password`, `level_id`, `user_flag`, `last_login`, `created_user`, `updated_user`, `created_date`, `updated_date`) VALUES
	(1, 'superman', 'super developer', '202cb962ac59075b964b07152d234b70', 1, '1', '2022-01-26 06:56:34', 1, 0, '2022-01-17 09:29:12', NULL),
	(2, 'superadmin', 'superadmin', '202cb962ac59075b964b07152d234b70', 2, '1', '2022-01-21 10:02:56', 1, 1, '2022-01-21 08:32:15', '2022-01-21 09:55:26');
/*!40000 ALTER TABLE `dir_user` ENABLE KEYS */;

-- Dumping structure for table db_directory.dir_user_level
CREATE TABLE IF NOT EXISTS `dir_user_level` (
  `level_id` int(11) NOT NULL AUTO_INCREMENT,
  `nama_level` varchar(50) DEFAULT NULL,
  `redirect_menu` int(11) DEFAULT NULL,
  `created_user` int(11) DEFAULT NULL,
  `updated_user` int(11) DEFAULT NULL,
  `created_date` datetime DEFAULT NULL,
  `updated_date` datetime DEFAULT NULL,
  PRIMARY KEY (`level_id`)
) ENGINE=InnoDB AUTO_INCREMENT=3 DEFAULT CHARSET=latin1;

-- Dumping data for table db_directory.dir_user_level: ~2 rows (approximately)
/*!40000 ALTER TABLE `dir_user_level` DISABLE KEYS */;
INSERT INTO `dir_user_level` (`level_id`, `nama_level`, `redirect_menu`, `created_user`, `updated_user`, `created_date`, `updated_date`) VALUES
	(1, 'developer', 1, 1, NULL, '2022-01-17 10:48:35', NULL),
	(2, 'Superadmin', 15, 1, 1, '2022-01-20 01:43:47', '2022-01-21 09:56:23');
/*!40000 ALTER TABLE `dir_user_level` ENABLE KEYS */;

-- Dumping structure for table db_directory.dir_video
CREATE TABLE IF NOT EXISTS `dir_video` (
  `id_video` int(11) NOT NULL AUTO_INCREMENT,
  `id_golongan` int(11) NOT NULL DEFAULT '0',
  `id_cabang` int(11) NOT NULL DEFAULT '0',
  `id_kategori` int(11) NOT NULL DEFAULT '0',
  `id_subkategori` int(11) DEFAULT NULL,
  `id_juara` int(11) DEFAULT NULL,
  `judul` varchar(100) NOT NULL,
  `deskripsi` text NOT NULL,
  `thumbnail` varchar(255) NOT NULL DEFAULT '',
  `link` varchar(255) NOT NULL DEFAULT '',
  `created_user` varchar(255) DEFAULT '',
  `updated_user` varchar(255) DEFAULT '',
  `created_date` datetime DEFAULT NULL,
  `updated_date` datetime DEFAULT NULL,
  PRIMARY KEY (`id_video`)
) ENGINE=InnoDB AUTO_INCREMENT=5 DEFAULT CHARSET=latin1;

-- Dumping data for table db_directory.dir_video: ~3 rows (approximately)
/*!40000 ALTER TABLE `dir_video` DISABLE KEYS */;
INSERT INTO `dir_video` (`id_video`, `id_golongan`, `id_cabang`, `id_kategori`, `id_subkategori`, `id_juara`, `judul`, `deskripsi`, `thumbnail`, `link`, `created_user`, `updated_user`, `created_date`, `updated_date`) VALUES
	(1, 26, 3, 1, 1, 4, 'video 3', 'erisque enim ligula venenatis dolor. Maecenas nisl est, ultrices nec congue eget, auctor vitae massa. Fusce luctus vestibulum augue ut aliquet. Nunc sagittis dictum nisi, sed ullamcorper ipsum dignissim ac. In at libero sed nunc venenatis imperdiet sed ornare turpis. Donec vitae dui eget tellus gravida venenatis. Integer fringilla congue eros non fermentum. Sed dapibus pulvinar nibh tempor porta.', 'img/thumbnail_1/1642574035.jpg', 'https://www.youtube.com/watch?v=2S4qGKmzBJE', '1', '1', '2022-01-19 01:33:55', '2022-01-26 10:15:31'),
	(3, 26, 3, 1, 3, 4, 'video 1', 'erisque enim ligula venenatis dolor. Maecenas nisl est, ultrices nec congue eget, auctor vitae massa. Fusce luctus vestibulum augue ut aliquet. Nunc sagittis dictum nisi, sed ullamcorper ipsum dignissim ac. In at libero sed nunc venenatis imperdiet sed ornare turpis. Donec vitae dui eget tellus gravida venenatis. Integer fringilla congue eros non fermentum. Sed dapibus pulvinar nibh tempor porta', 'img/thumbnail_1/1642577424.jpg', 'https://www.youtube.com/watch?v=fQUc27RRzLk', '1', '1', '2022-01-19 02:30:24', '2022-01-26 10:15:09'),
	(4, 128, 2, 1, 2, 4, 'video 2', 'erisque enim ligula venenatis dolor. Maecenasasdasfas    dasd fsssssssssssda Donec vitae dui eget tellus gravida venenatis. Integer fringilla congue eros non fermentum. Sed dapibus pulvinar nibh tempor porta', 'img/thumbnail_1/1642644857.jpg', 'https://www.youtube.com/watch?v=Rb0UmrCXxVA', '1', '1', '2022-01-20 09:14:17', '2022-01-26 10:15:02');
/*!40000 ALTER TABLE `dir_video` ENABLE KEYS */;

/*!40101 SET SQL_MODE=IFNULL(@OLD_SQL_MODE, '') */;
/*!40014 SET FOREIGN_KEY_CHECKS=IFNULL(@OLD_FOREIGN_KEY_CHECKS, 1) */;
/*!40101 SET CHARACTER_SET_CLIENT=@OLD_CHARACTER_SET_CLIENT */;
/*!40111 SET SQL_NOTES=IFNULL(@OLD_SQL_NOTES, 1) */;
